--insert lop
INSERT INTO dbo.Lop( malop, soluong, namhoc, magiaovien )
VALUES  ( 'L001',40, N'2017-2018', 'GV001'  )
INSERT INTO dbo.Lop( malop, soluong, namhoc, magiaovien )
VALUES  ( 'L002',45, N'2017-2018', 'GV002'  )
INSERT INTO dbo.Lop( malop, soluong, namhoc, magiaovien )
VALUES  ( 'L003',42, N'2017-2018', 'GV003'  )
INSERT INTO dbo.Lop( malop, soluong, namhoc, magiaovien )
VALUES  ( 'L004',40, N'2017-2018', 'GV004'  )
INSERT INTO dbo.Lop( malop, soluong, namhoc, magiaovien )
VALUES  ( 'L005',48, N'2017-2018', 'GV005'  )
--insert Hoc Sinh
INSERT INTO dbo.HocSinh( mahocsinh ,hocvaten , ngaysinh ,gioitinh ,tongiao ,quequan ,diachithuongtru ,hotenbo ,nghenghiepbo ,hotenme ,nghenghiepme ,sodienthoai ,malop)
VALUES  ( 'HS001' , N'Nguyễn Vũ A' , GETDATE() ,  N'Nam' ,N'Kinh' ,N'Hà Nội' ,N'Hà Nội' , N'Nguyễn Vũ Tuấn' , N'Công Nhân' , N'Nguyễn Thị Hương' , N'Công Nhân' ,  N'034758347' , 'L001' )
INSERT INTO dbo.HocSinh( mahocsinh ,hocvaten , ngaysinh ,gioitinh ,tongiao ,quequan ,diachithuongtru ,hotenbo ,nghenghiepbo ,hotenme ,nghenghiepme ,sodienthoai ,malop)
VALUES  ( 'HS002' , N'Trịnh Đình Long' , GETDATE() ,  N'Nam' ,N'Kinh' ,N'Hà Nội' ,N'Hà Nội' , N'Trình Đình Liêm' , N'Công Nhân' , N'Nguyễn Thị Hồng' , N'Công Nhân' ,  N'034758347' , 'L002' )
INSERT INTO dbo.HocSinh( mahocsinh ,hocvaten , ngaysinh ,gioitinh ,tongiao ,quequan ,diachithuongtru ,hotenbo ,nghenghiepbo ,hotenme ,nghenghiepme ,sodienthoai ,malop)
VALUES  ( 'HS003' , N'Nguyễn Thị Hà' , GETDATE() ,  N'Nữ' ,N'Kinh' ,N'Hà Nội' ,N'Hà Nội' , N'Nguyễn Văn Công' , N'Công Nhân' , N'Nguyễn Thị Phương' , N'Công Nhân' ,  N'034758347' , 'L003' )
INSERT INTO dbo.HocSinh( mahocsinh ,hocvaten , ngaysinh ,gioitinh ,tongiao ,quequan ,diachithuongtru ,hotenbo ,nghenghiepbo ,hotenme ,nghenghiepme ,sodienthoai ,malop)
VALUES  ( 'HS004' , N'Nguyễn Tuấn Anh' , GETDATE() ,  N'Nam' ,N'Kinh' ,N'Hà Nội' ,N'Hà Nội' , N'Nguyễn Tuấn Hiệp' , N'Công Nhân' , N'Nguyễn Thị Hải' , N'Công Nhân' ,  N'034758347' , 'L004' )
INSERT INTO dbo.HocSinh( mahocsinh ,hocvaten , ngaysinh ,gioitinh ,tongiao ,quequan ,diachithuongtru ,hotenbo ,nghenghiepbo ,hotenme ,nghenghiepme ,sodienthoai ,malop)
VALUES  ( 'HS005' , N'Trần Văn Hải' , GETDATE() ,  N'Nam' ,N'Kinh' ,N'Hà Nội' ,N'Hà Nội' , N'Trần Văn Đôn' , N'Công Nhân' , N'Nguyễn Thị Mai' , N'Công Nhân' ,  N'034758347' , 'L005' )
--insert Bang Diem
INSERT INTO dbo.BangDiem( mahocsinh ,mamonhoc ,tenmonhoc ,diemmieng1 ,diemmieng2 ,diem15p ,diem1tiet ,diemhetmon ,diemtrungbinh)
VALUES  ( 'HS001' , 'MH001' , N'Lịch Sử' , 8.0 , 9.0 , 7.0 , 8.5 , 8.5 , 8.3  )
INSERT INTO dbo.BangDiem( mahocsinh ,mamonhoc ,tenmonhoc ,diemmieng1 ,diemmieng2 ,diem15p ,diem1tiet ,diemhetmon ,diemtrungbinh)
VALUES  ( 'HS002' , 'MH002' , N'Toán' , 8.0 , 9.0 , 7.5 , 8.5 , 8.5 , 8.4  )
INSERT INTO dbo.BangDiem( mahocsinh ,mamonhoc ,tenmonhoc ,diemmieng1 ,diemmieng2 ,diem15p ,diem1tiet ,diemhetmon ,diemtrungbinh)
VALUES  ( 'HS003' , 'MH003' , N'Lý' , 8.0 , 9.0 , 7.5 , 8.5 , 8.5 , 8.4  )
INSERT INTO dbo.BangDiem( mahocsinh ,mamonhoc ,tenmonhoc ,diemmieng1 ,diemmieng2 ,diem15p ,diem1tiet ,diemhetmon ,diemtrungbinh)
VALUES  ( 'HS004' , 'MH004' , N'Hóa' , 8.0 , 9.0 , 7.0 , 8.5 , 8.5 , 8.3  )
INSERT INTO dbo.BangDiem( mahocsinh ,mamonhoc ,tenmonhoc ,diemmieng1 ,diemmieng2 ,diem15p ,diem1tiet ,diemhetmon ,diemtrungbinh)
VALUES  ( 'HS005' , 'MH005' , N'Tiếng Anh' , 8.0 , 9.0 , 7.0 , 8.5 , 8.5 , 8.3  )
--insert Kết quả học tập 
INSERT INTO dbo.KetQuaHocTap( mahocsinh ,malop ,diemtrungbinhki1 ,hoclucki1 ,diemtrungbinhki2 ,hoclucki2 ,diemtrungbinhcanam ,hocluccanam)
VALUES  ( 'HS001' ,'L001' , 8.3 , N'Giỏi' ,8.2 , N'Giỏi' , 8.2 , N'Giỏi'  )
INSERT INTO dbo.KetQuaHocTap( mahocsinh ,malop ,diemtrungbinhki1 ,hoclucki1 ,diemtrungbinhki2 ,hoclucki2 ,diemtrungbinhcanam ,hocluccanam)
VALUES  ( 'HS002' ,'L002' , 8.1 , N'Giỏi' ,8.4 , N'Giỏi' , 8.3, N'Giỏi'  )
INSERT INTO dbo.KetQuaHocTap( mahocsinh ,malop ,diemtrungbinhki1 ,hoclucki1 ,diemtrungbinhki2 ,hoclucki2 ,diemtrungbinhcanam ,hocluccanam)
VALUES  ( 'HS003' ,'L003' , 7.5 , N'Giỏi' ,8.3 , N'Giỏi' , 8.0 , N'Giỏi'  )
INSERT INTO dbo.KetQuaHocTap( mahocsinh ,malop ,diemtrungbinhki1 ,hoclucki1 ,diemtrungbinhki2 ,hoclucki2 ,diemtrungbinhcanam ,hocluccanam)
VALUES  ( 'HS004' ,'L004' , 7.3 , N'Khá' ,7.8 , N'Khá' , 7.6 , N'Khá'  )
INSERT INTO dbo.KetQuaHocTap( mahocsinh ,malop ,diemtrungbinhki1 ,hoclucki1 ,diemtrungbinhki2 ,hoclucki2 ,diemtrungbinhcanam ,hocluccanam)
VALUES  ( 'HS005' ,'L005' , 8.3 , N'Giỏi' ,8.2 , N'Giỏi' , 8.2 , N'Giỏi'  )
--insert QuanLigiangday
INSERT INTO dbo.QuanLiGiangDay( magiaovien ,mamonhoc ,malop ,ngaybatdau ,ngayketthuc ,TietHoc ,DiaDiem)
VALUES  ( 'GV001' , 'MH001' , 'L001' , GETDATE() ,GETDATE() , '3' , 'Trường Học'  )
INSERT INTO dbo.QuanLiGiangDay( magiaovien ,mamonhoc ,malop ,ngaybatdau ,ngayketthuc ,TietHoc ,DiaDiem)
VALUES  ( 'GV002' , 'MH002' , 'L002' , GETDATE() ,GETDATE() , '3' , 'Trường Học'  )
INSERT INTO dbo.QuanLiGiangDay( magiaovien ,mamonhoc ,malop ,ngaybatdau ,ngayketthuc ,TietHoc ,DiaDiem)
VALUES  ( 'GV003' , 'MH003' , 'L003' , GETDATE() ,GETDATE() , '3' , 'Trường Học'  )
INSERT INTO dbo.QuanLiGiangDay( magiaovien ,mamonhoc ,malop ,ngaybatdau ,ngayketthuc ,TietHoc ,DiaDiem)
VALUES  ( 'GV004' , 'MH004' , 'L004' , GETDATE() ,GETDATE() , '3' , 'Trường Học'  )
INSERT INTO dbo.QuanLiGiangDay( magiaovien ,mamonhoc ,malop ,ngaybatdau ,ngayketthuc ,TietHoc ,DiaDiem)
VALUES  ( 'GV005' , 'MH005' , 'L005' , GETDATE() ,GETDATE() , '3' , 'Trường Học'  )